date,prec,prec_var,flow_obs,flow_sim,pet,tmin,tmean,tmax,srad,vprp
1981-01-01,0.213,0.033,0.492,0.661,3.939,8.49,14.63,20.77,23.392,11.282
1981-01-02,0.693,0.227,0.462,0.579,3.94,8.647,14.868,21.089,22.933,11.545
1981-01-03,1.434,2.039,0.437,0.502,3.028,10.18,15.19,20.2,15.642,12.935
1981-01-04,1.134,1.658,0.58,0.469,4.219,10.347,15.458,20.57,22.486,11.511
1981-01-05,1.862,6.452,0.476,0.469,3.612,9.104,15.05,20.996,23.561,10.811
1981-01-06,0.378,0.127,0.45,0.495,3.352,9.85,14.71,19.57,20.049,12.143
1981-01-07,1.338,0.687,0.424,0.539,2.634,11.781,14.938,18.095,13.893,13.381
1981-01-08,3.168,6.01,0.438,0.558,2.269,11.301,14.026,16.75,11.688,12.819
1981-01-09,4.83,15.006,0.681,0.594,2.663,11.192,15.159,19.126,14.946,12.579
1981-01-10,1.402,2.062,1.049,0.688,3.15,10.502,14.834,19.166,19.327,12.158
1981-01-11,1.391,0.719,0.694,0.842,3.081,9.793,15.033,20.274,20.047,12.915
1981-01-12,6.199,11.751,0.601,0.923,3.098,10.074,14.905,19.737,18.248,13.297
1981-01-13,5.981,25.834,0.561,1.036,2.459,10.284,13.693,17.102,18.335,11.603
1981-01-14,1.573,0.706,0.544,1.175,2.276,11.465,14.513,17.561,10.094,12.25
1981-01-15,0.5,0.108,0.545,1.197,3.019,11.251,15.612,19.972,18.559,12.157
1981-01-16,0.432,0.109,0.526,1.057,3.511,10.086,15.428,20.77,18.71,12.217
1981-01-17,1.084,0.546,0.482,0.884,3.963,9.966,15.463,20.961,18.305,13.358
1981-01-18,2.068,1.251,0.464,0.733,3.517,10.285,15.085,19.884,18.811,13.233
1981-01-19,1.352,1.05,0.479,0.656,3.156,9.589,14.965,20.341,18.34,13.03
1981-01-20,6.627,41.408,0.459,0.653,2.595,11.836,15.195,18.553,15.993,13.033
1981-01-21,0.993,1.082,0.497,0.701,2.917,9.795,13.495,17.194,18.06,12.807
1981-01-22,0.858,2.341,0.52,0.707,4.187,8.693,14.497,20.3,19.094,12.558
1981-01-23,0.397,0.541,0.471,0.655,4.192,9.468,14.373,19.278,20.711,11.427
1981-01-24,1.028,3.748,0.423,0.602,4.244,8.039,14.067,20.096,22.103,10.102
1981-01-25,0.352,0.41,0.392,0.565,4.268,8.956,14.72,20.485,24.31,10.735
1981-01-26,1.529,3.791,0.364,0.535,3.686,10.504,15.276,20.047,18.857,12.642
1981-01-27,0.63,0.166,0.367,0.516,2.777,11.937,15.42,18.903,15.845,12.916
1981-01-28,1.029,1.194,0.372,0.514,2.524,11.839,15.328,18.816,13.057,13.143
1981-01-29,1.63,1.714,0.385,0.509,2.267,11.658,14.296,16.933,14.254,13.294
1981-01-30,1.712,1.538,0.433,0.515,2.56,11.402,15.022,18.642,11.174,13.648
1981-01-31,0.343,0.079,0.44,0.544,2.359,11.315,14.398,17.481,8.965,13.721
1981-02-01,1.782,1.133,0.451,0.584,2.637,10.67,14.789,18.908,13.785,13.916
1981-02-02,4.239,2.896,0.463,0.585,2.661,10.839,15.168,19.496,16.608,13.271
1981-02-03,12.219,33.852,0.541,0.676,2.118,11.902,15.437,18.973,12.288,14.032
1981-02-04,8.242,16.294,1.103,0.986,2.376,11.296,14.748,18.2,11.638,14.719
1981-02-05,4.528,9.047,2.541,1.371,1.928,11.92,15.219,18.518,11.508,14.77
1981-02-06,5.814,16.145,1.569,1.716,2.279,11.524,15.134,18.744,11.6,13.755
1981-02-07,5.121,21.683,2.243,1.966,2.161,11.702,15.253,18.804,13.637,14.217
1981-02-08,4.664,6.253,1.55,2.168,2.329,11.914,15.078,18.241,15.655,13.823
1981-02-09,5.136,3.969,1.27,2.312,2.374,12.402,15.612,18.823,13.708,14.047
1981-02-10,2.439,2.932,1.033,2.368,2.623,12.065,15.659,19.253,15.07,13.774
1981-02-11,5.043,9.56,0.937,2.335,2.703,10.686,15.125,19.564,14.964,13.977
1981-02-12,12.243,59.889,0.86,2.312,2.745,11.714,15.904,20.093,14.512,14.776
1981-02-13,9.72,15.302,1.038,2.478,2.692,12.031,15.478,18.926,15.265,14.305
1981-02-14,4.948,7.022,1.771,2.758,2.785,11.734,15.751,19.768,16.629,13.789
1981-02-15,2.369,1.262,1.978,2.852,3.067,12.187,16.016,19.845,15.352,14.643
1981-02-16,4.686,11.603,1.63,2.657,2.242,11.957,15.525,19.093,13.877,14.521
1981-02-17,10.426,12.38,1.631,2.459,2.243,11.988,15.164,18.34,12.045,14.412
1981-02-18,12.305,11.274,2.765,2.555,2.241,11.952,14.701,17.449,13.566,14.509
1981-02-19,19.604,27.549,5.098,3.043,2.302,12.327,15.956,19.585,13.992,14.812
1981-02-20,10.381,13.457,4.862,3.607,2.66,11.532,15.132,18.732,16.815,14.589
1981-02-21,15.779,44.934,5.058,4.198,2.489,12.027,15.567,19.106,13.07,14.213
1981-02-22,11.914,13.447,5.054,4.48,2.068,11.292,15.219,19.145,12.484,14.655
1981-02-23,12.748,17.824,4.533,4.695,2.893,11.826,16,20.174,15.907,14.067
1981-02-24,17.77,20.215,4.704,4.836,2.485,12.056,15.823,19.589,14.998,14.661
1981-02-25,6.428,7.983,6.365,4.972,2.634,12.289,15.296,18.303,15.882,14.403
1981-02-26,4.692,6.818,4.985,4.893,3,12.681,16.198,19.714,16.061,14.304
1981-02-27,3.88,2.349,4.025,4.587,2.861,12.238,16.002,19.765,16.746,14.332
1981-02-28,4.629,11.981,3.658,4.192,3.264,11.972,15.769,19.567,16.638,14.718
1981-03-01,8.442,65.396,2.987,3.676,3.001,12.13,16.135,20.139,18.052,14.57
1981-03-02,8.08,74.44,2.543,3.45,3.565,12.294,16.424,20.553,16.204,14.765
1981-03-03,6.074,17.257,2.021,3.353,3.209,12.33,16.703,21.075,17.073,14.588
1981-03-04,14.736,28.696,1.748,3.27,3.283,12.632,16.706,20.779,15.228,15.057
1981-03-05,10.634,12.302,2.427,3.385,2.954,12.524,15.947,19.369,14.406,15.178
1981-03-06,10.652,11.647,2.487,3.579,2.383,12.713,16.384,20.055,12.991,15.52
1981-03-07,19.587,41.136,2.582,3.82,2.552,12.625,16.183,19.742,12.81,15.603
1981-03-08,32.295,107.37,3.128,4.401,2.203,12.999,15.865,18.73,11.247,15.488
1981-03-09,25.08,68.328,5.129,5.265,2.233,12.555,15.596,18.637,7.57,15.603
1981-03-10,17.155,40.519,5.875,6.158,2.181,12.494,15.314,18.135,9.858,15.466
1981-03-11,6.26,13.033,4.505,6.582,1.943,12.369,15.065,17.762,7.593,15.21
1981-03-12,16.085,34.542,3.958,6.431,2.154,12.022,15.619,19.215,14.375,14.747
1981-03-13,5.141,6.373,4.398,6.04,2.597,12.029,16.079,20.128,15.791,15.552
1981-03-14,3.332,4.892,3.749,5.6,2.75,11.823,16.054,20.285,16.907,14.679
1981-03-15,4.62,9.664,3.058,5.016,3.004,11.678,15.921,20.163,15.841,14.453
1981-03-16,3.091,4.773,2.709,4.421,3.179,12.153,16.269,20.384,18.692,13.9
1981-03-17,3.488,11.48,2.249,3.757,2.634,12.448,15.558,18.668,12.637,14.426
1981-03-18,1.344,0.848,2.192,3.218,2.494,12.124,15.353,18.582,13.413,14.199
1981-03-19,0.694,0.415,1.688,2.64,3.582,11.391,15.593,19.796,18.052,13.676
1981-03-20,0.079,0.002,1.511,2.075,3.413,9.441,14.968,20.495,18.269,13.738
1981-03-21,0.397,0.229,1.374,1.585,2.368,10.392,14.088,17.784,16.236,13.707
1981-03-22,0.539,0.515,1.257,1.248,3.475,10.306,14.62,18.933,20.01,13.114
1981-03-23,0.064,0.001,1.224,1.002,3.641,8.833,14.703,20.573,21.598,12.609
1981-03-24,0.835,0.422,1.106,0.814,3.571,10.046,14.812,19.577,20.641,13.041
1981-03-25,0.632,0.239,1.038,0.695,2.182,11.542,14.41,17.277,16.017,12.769
1981-03-26,0.576,0.218,0.983,0.628,3.018,9.577,14.13,18.684,16.164,13.598
1981-03-27,0.973,0.459,0.94,0.605,2.885,10.917,15.116,19.316,14.934,14.174
1981-03-28,9.273,74.35,0.879,0.638,2.742,10.94,15.528,20.117,15.294,14.219
1981-03-29,8.658,16.962,0.905,1.021,2.675,10.414,14.959,19.505,19.266,13.168
1981-03-30,0.989,0.275,1.108,1.452,2.769,9.944,14.708,19.473,18.867,13.112
1981-03-31,0.487,0.192,0.859,1.533,2.512,11.36,15.159,18.958,13.281,14.218
1981-04-01,0.209,0.03,0.772,1.535,3.128,11.351,15.482,19.613,14.525,13.976
1981-04-02,1.669,1.651,0.758,1.34,2.771,11.655,15.569,19.483,13.064,14.608
1981-04-03,3.874,4.875,0.799,1.209,3.043,10.961,15.75,20.539,15.621,14.707
1981-04-04,16.732,52.1,0.778,1.346,2.913,10.951,15.216,19.482,14.501,15.108
1981-04-05,10.253,42.119,1.642,1.937,2.556,11.883,15.028,18.172,13.463,15.02
1981-04-06,18.431,85.474,1.821,2.7,2.26,11.745,14.775,17.806,10.24,15.531
1981-04-07,13.582,150.089,2.783,3.416,2.388,11.351,14.546,17.742,9.702,14.967
1981-04-08,15.917,143.09,2.165,3.893,3.18,10.854,14.834,18.814,15.611,14.714
1981-04-09,5.887,17.508,2.464,4.258,2.955,11.552,14.772,17.993,15.715,14.691
1981-04-10,0.77,0.371,2.354,4.273,3.524,11.962,15.761,19.561,15.841,14.571
1981-04-11,2.94,2.997,1.693,3.898,3.684,10.707,15.223,19.739,15.447,14.799
1981-04-12,24.043,568.662,2.387,3.554,3.285,10.958,15.735,20.512,15.44,15.122
1981-04-13,7.144,8.606,3.434,3.739,3.077,11.348,15.568,19.789,15.705,14.177
1981-04-14,2.726,4.309,3.191,4.034,2.929,11.806,15.785,19.764,17.39,14.299
1981-04-15,4.503,8.181,2.695,3.887,2.935,10.941,15.124,19.308,16.596,14.555
1981-04-16,4.862,7.937,2.192,3.587,3.17,10.317,14.527,18.737,18.927,12.533
1981-04-17,1.309,1.203,1.983,3.293,3.074,11.066,15.482,19.898,19.256,13.255
1981-04-18,1.286,2.125,1.9,2.893,3.058,10.39,15.126,19.862,18.269,11.931
1981-04-19,0.87,1.92,1.856,2.429,2.474,10.1,15.017,19.934,14.337,12.952
1981-04-20,0.496,0.114,1.72,2.035,3.246,9.538,14.968,20.398,21.926,11.023
1981-04-21,4.357,29.596,1.585,1.763,3.405,8.793,14.486,20.179,19.167,12.422
1981-04-22,0.94,1.039,1.786,1.64,3.365,10.043,15.18,20.317,15.802,14.135
1981-04-23,0.315,0.071,1.628,1.554,2.924,9.735,15.157,20.58,14.816,14.402
1981-04-24,0.59,0.221,1.441,1.401,2.991,8.887,14.576,20.266,16.49,13.802
1981-04-25,0.571,0.114,1.396,1.239,2.78,10.86,14.875,18.89,13.957,14.36
1981-04-26,0.503,0.261,1.262,1.108,2.614,10.574,14.557,18.54,14.01,14.416
1981-04-27,0.737,0.725,1.143,0.983,2.934,10.749,15.812,20.874,14.166,14.582
1981-04-28,2.128,6.831,1.102,0.918,3.465,9.015,14.949,20.882,18.079,13.505
1981-04-29,1.859,4.089,0.993,0.888,3.105,9.414,14.763,20.113,20.099,12.751
1981-04-30,0.023,0,0.95,0.949,2.829,10.336,14.856,19.376,16.785,13.081
1981-05-01,0.018,0,0.88,0.983,3.617,8.956,14.243,19.53,21.13,11.761
1981-05-02,0.017,0,0.843,0.958,3.559,8.731,14.373,20.015,22.295,10.556
1981-05-03,0.559,0.743,0.781,0.88,3.693,8.89,14.637,20.385,22.494,9.705
1981-05-04,0.624,0.121,0.793,0.816,3.133,8.407,13.885,19.363,21.487,10.176
1981-05-05,0.238,0.052,0.66,0.775,2.982,8.114,13.772,19.43,21.465,10.807
1981-05-06,1.405,0.736,0.652,0.756,3.073,8.196,13.684,19.173,19.635,11.57
1981-05-07,0.546,0.214,0.583,0.75,2.533,8.986,13.479,17.972,11.68,12.531
1981-05-08,0.917,0.296,0.639,0.758,2.516,8.671,13.361,18.051,11.543,12.575
1981-05-09,0.622,0.525,0.598,0.751,2.932,8.718,13.94,19.163,16.854,12.417
1981-05-10,0.263,0.077,0.578,0.738,2.63,9.182,13.696,18.21,16.878,12.014
1981-05-11,0.396,0.15,0.559,0.717,2.413,9.397,13.548,17.7,15.313,12.67
1981-05-12,0.184,0.04,0.59,0.694,3.024,8.925,14.277,19.629,16.869,13.121
1981-05-13,1.065,2.69,0.602,0.674,3.122,9.519,14.626,19.733,13.839,14.242
1981-05-14,0.861,0.539,0.554,0.667,2.737,10.278,14.789,19.301,13.569,14.016
1981-05-15,3.482,15.192,0.57,0.694,3.01,9.809,15.194,20.578,16.126,13.966
1981-05-16,0.832,0.4,0.562,0.79,2.8,10.371,14.844,19.317,13.985,14.415
1981-05-17,1.008,0.878,1.07,0.893,2.591,10.754,15.015,19.276,14.919,14.055
1981-05-18,0.481,0.149,0.998,0.958,3.146,10.746,15.526,20.306,14.996,14.345
1981-05-19,0.399,0.229,0.697,0.956,3.44,11.16,15.82,20.479,16.237,13.918
1981-05-20,0.552,0.391,0.612,0.917,3.66,11.364,15.978,20.592,16.348,13.858
1981-05-21,0.9,0.818,0.567,0.856,3.378,11.043,15.541,20.039,16.069,13.856
1981-05-22,2.104,3.938,0.535,0.824,3.198,10.853,15.247,19.642,16.625,13.555
1981-05-23,3.209,9.019,0.519,0.843,2.64,12.066,16.019,19.972,14.011,14.328
1981-05-24,1.025,0.251,0.545,0.942,3.037,10.409,15.383,20.357,14.134,14.382
1981-05-25,0.097,0.004,0.579,1.021,3.271,11.14,15.565,19.989,15.476,14.178
1981-05-26,0.164,0.015,0.523,1.021,2.865,11.345,15.363,19.382,12.214,14.296
1981-05-27,0.544,0.393,0.501,0.957,2.99,12.016,15.894,19.771,15.112,13.941
1981-05-28,1.274,4.547,0.514,0.862,3.085,11.771,15.651,19.531,13.84,13.932
1981-05-29,1.424,3.176,0.515,0.812,2.435,10.859,14.741,18.622,11.011,14.558
1981-05-30,0.458,0.178,0.522,0.812,2.332,9.866,14.47,19.073,13.431,13.848
1981-05-31,0.024,0,0.615,0.828,3.051,8.687,14.159,19.631,14.762,13.391
1981-06-01,0.274,0.13,0.537,0.682,3.056,8.203,13.609,19.015,12.566,14.002
1981-06-02,0.438,0.368,0.506,0.641,3.472,7.622,13.895,20.168,20.451,10.7
1981-06-03,0.3,0.172,0.486,0.596,3.385,7.804,14.16,20.516,20.463,9.933
1981-06-04,0.024,0,0.468,0.56,3.498,7.237,14.068,20.899,17.642,11.769
1981-06-05,1.195,2.635,0.455,0.525,3.288,9.484,14.505,19.526,13.556,13.246
1981-06-06,1.447,0.647,0.462,0.515,3.311,9.225,14.612,19.998,14.674,13.436
1981-06-07,7.159,27.121,0.479,0.559,2.697,9.713,14.044,18.375,11.305,14.022
1981-06-08,7.557,39.991,0.649,0.759,2.548,10.36,14.501,18.641,13.208,13.118
1981-06-09,5.219,16.397,1.148,1.169,2.912,9.859,14.257,18.654,13.863,13.527
1981-06-10,0.069,0.004,0.926,1.489,3.031,9.903,14.212,18.521,12.107,14.119
1981-06-11,0.675,0.455,0.713,1.597,3.068,9.191,13.991,18.791,14.276,13.275
1981-06-12,6.041,23.987,0.641,1.49,2.727,8.776,13.993,19.21,13.201,13.423
1981-06-13,1.499,1.826,1.042,1.436,2.582,10.684,14.784,18.884,11.292,13.749
1981-06-14,0.577,0.488,1.215,1.467,2.836,10.007,14.403,18.799,14.025,12.982
1981-06-15,1.145,3.826,0.812,1.395,2.824,10.432,14.677,18.922,14.064,13.098
1981-06-16,0.31,0.068,0.741,1.275,2.911,10.256,14.624,18.991,13.161,13.217
1981-06-17,3.503,34.619,0.828,1.152,3.028,10.182,14.677,19.172,13.463,13.438
1981-06-18,9.288,55.477,0.737,1.107,2.646,10.621,14.344,18.066,12.077,13.822
1981-06-19,6.588,42.901,1.737,1.352,2.271,9.647,13.802,17.956,13.964,13.68
1981-06-20,3.711,12.867,1.81,1.811,2.829,9.052,13.803,18.555,12.885,13.448
1981-06-21,0.336,0.218,1.345,2.053,3.427,8.494,14.043,19.591,15.237,12.635
1981-06-22,0,0,0.997,2.002,3.342,7.751,13.535,19.318,14.633,12.601
1981-06-23,0.252,0.065,0.835,1.78,3.407,9.009,14.217,19.425,15.092,12.805
1981-06-24,0.336,0.079,0.745,1.438,3.351,10.118,14.716,19.314,14.297,13.019
1981-06-25,0.122,0.015,0.68,1.181,3.256,10.173,14.772,19.371,15.159,12.608
1981-06-26,0.185,0.024,0.646,0.955,3.402,10.163,14.372,18.58,14.225,12.494
1981-06-27,0.197,0.066,0.631,0.756,3.339,8.86,13.986,19.113,14.544,12.398
1981-06-28,0.333,0.209,0.598,0.632,3.517,8.942,14.294,19.647,14.882,12.46
1981-06-29,0.008,0,0.575,0.554,3.542,8.758,14.194,19.63,15.24,12.752
1981-06-30,0.005,0,0.56,0.505,3.616,7.495,14.031,20.566,17.102,12.629
1981-07-01,0.008,0,0.514,0.411,3.44,7.357,13.508,19.66,16.146,12.343
1981-07-02,0.744,0.37,0.496,0.379,3.201,7.591,13.445,19.299,15.295,12.232
1981-07-03,1.916,3.778,0.513,0.373,2.56,10.228,14.069,17.91,11.541,12.698
1981-07-04,7.724,12.535,0.596,0.432,2.82,9.98,14.559,19.139,13.991,12.429
1981-07-05,1.676,2.288,0.874,0.595,3.253,10.23,14.374,18.518,14.601,12.579
1981-07-06,0.288,0.09,0.64,0.772,3.481,9.062,14.238,19.415,15.149,12.115
1981-07-07,0.249,0.018,0.528,0.809,3.501,8.674,14.071,19.468,15.434,11.888
1981-07-08,0.03,0,0.491,0.759,3.661,9.397,14.832,20.268,17.342,11.485
1981-07-09,0.046,0.001,0.46,0.678,3.64,8.554,14.492,20.43,16.284,11.393
1981-07-10,0.279,0.208,0.455,0.572,3.419,9.06,14.03,19,15.857,11.306
1981-07-11,0.069,0.001,0.447,0.498,2.911,8.18,13.914,19.647,15.939,11.391
1981-07-12,0.066,0.001,0.447,0.452,3.159,9.756,14.623,19.491,16.181,12.173
1981-07-13,0.004,0,0.442,0.415,3.216,9.364,14.276,19.188,15.721,11.656
1981-07-14,0.005,0,0.429,0.377,3.387,8.775,13.913,19.051,15.995,11.57
1981-07-15,0.001,0,0.415,0.35,3.429,7.462,13.248,19.034,17.537,11.04
1981-07-16,0.057,0.001,0.4,0.325,3.306,7.464,13.499,19.534,16.426,10.986
1981-07-17,0.016,0,0.397,0.305,3.321,7.858,13.496,19.134,16.438,11.563
1981-07-18,0.147,0.008,0.392,0.295,2.803,9.757,14.005,18.253,13.041,12.344
1981-07-19,0.391,0.117,0.39,0.287,2.738,10.646,14.438,18.231,13.416,12.258
1981-07-20,1.039,0.944,0.394,0.293,3.042,10.503,14.234,17.965,13.163,11.777
1981-07-21,0.754,0.492,0.392,0.32,3.418,8.921,14.122,19.323,14.473,10.92
1981-07-22,0.007,0,0.385,0.351,3.785,6.994,13.578,20.161,17.637,10.335
1981-07-23,0.405,0.137,0.378,0.369,3.592,9.176,14.319,19.462,15.663,11.02
1981-07-24,0.138,0.021,0.352,0.368,3.35,9.458,14.162,18.866,16.344,10.742
1981-07-25,0.005,0,0.348,0.36,3.617,8.789,13.917,19.045,16.481,10.31
1981-07-26,0.007,0,0.348,0.338,3.803,8.173,13.738,19.304,17.013,10.405
1981-07-27,0.003,0,0.346,0.318,3.962,7.872,14.032,20.191,18.303,10.62
1981-07-28,0.001,0,0.33,0.296,4.078,6.969,13.711,20.453,18.752,10.266
1981-07-29,0.309,0.09,0.326,0.279,4.131,6.731,13.585,20.439,19.032,10.399
1981-07-30,1.164,1.253,0.315,0.275,4.131,6.552,13.379,20.206,19.431,10.085
1981-07-31,0.054,0.001,0.302,0.292,4.262,6.819,13.806,20.794,19.702,9.84
1981-08-01,0.169,0.047,0.296,0.249,4.111,7.641,14.316,20.991,18.982,10.696
1981-08-02,0.002,0,0.286,0.253,4.203,7.562,14.23,20.897,18.174,11.243
1981-08-03,0.006,0,0.281,0.246,4.076,7.607,14.11,20.613,18.203,11.165
1981-08-04,0.01,0,0.278,0.234,3.825,8.392,14.185,19.978,18.04,11.278
1981-08-05,0.088,0.009,0.271,0.223,3.416,8.542,14.197,19.853,16.536,11.561
1981-08-06,0.036,0.001,0.273,0.215,3.81,8.133,14.002,19.87,17.109,11.502
1981-08-07,0.153,0.05,0.279,0.211,3.602,6.224,13.176,20.128,17.258,11.17
1981-08-08,1.133,1.229,0.253,0.207,3.73,7.066,13.634,20.202,17.095,11.569
1981-08-09,0.356,0.093,0.26,0.214,3.355,10.332,14.649,18.967,15.536,12.389
1981-08-10,0.792,0.334,0.318,0.23,3.423,10.55,14.406,18.262,15.499,12.047
1981-08-11,3.233,8.437,0.308,0.25,3.143,10.413,14.425,18.438,16.152,11.886
1981-08-12,0.815,1.176,0.428,0.29,3.694,8.863,14.351,19.84,16.739,11.599
1981-08-13,0.344,0.214,0.367,0.325,4.063,11.961,16.291,20.621,16.559,11.951
1981-08-14,0.073,0.005,0.292,0.344,4.212,10.437,15.307,20.177,17.016,12.124
1981-08-15,0.157,0.039,0.26,0.339,3.642,9.807,14.357,18.906,15.645,12
1981-08-16,0.422,0.46,0.239,0.323,3.781,8.877,14.159,19.442,18.758,11.647
1981-08-17,0.092,0.007,0.269,0.303,3.893,8.179,13.887,19.594,18.727,11.301
1981-08-18,0.219,0.102,0.276,0.288,3.546,8.724,13.844,18.964,13.999,12.037
1981-08-19,0.032,0.001,0.283,0.269,3.791,9.138,13.75,18.363,15.577,12.188
1981-08-20,0.124,0.01,0.258,0.249,3.85,9.649,14.209,18.768,15.506,12.023
1981-08-21,0.002,0,0.249,0.23,3.867,7.778,13.769,19.759,17.207,11.444
1981-08-22,0.14,0.042,0.242,0.216,3.949,7.278,14.057,20.836,18.44,11.791
1981-08-23,0.037,0.001,0.23,0.208,3.406,7.262,13.381,19.499,16.66,11.71
1981-08-24,0.035,0.001,0.224,0.197,3.675,8.289,13.758,19.227,17.375,11.632
1981-08-25,0.113,0.009,0.216,0.189,3.478,8.04,13.503,18.966,17.415,11.641
1981-08-26,0.087,0.007,0.212,0.182,3.448,8.395,13.608,18.821,17.852,11.674
1981-08-27,0.099,0.012,0.195,0.178,3.87,9.211,14.537,19.864,18.413,11.674
1981-08-28,1.613,2.536,0.127,0.179,3.192,9.544,14.069,18.594,15.412,11.974
1981-08-29,7.835,24.883,0.212,0.206,3.845,7.417,13.607,19.797,19.027,11.379
1981-08-30,8.616,29.737,0.223,0.303,3.02,7.764,12.97,18.176,16.571,12.258
1981-08-31,4.316,7.883,0.307,0.427,3.368,8.399,13.234,18.069,15.099,12.243
1981-09-01,0.521,0.509,0.388,0.405,3.545,8.055,13.388,18.722,16.142,11.772
1981-09-02,0.036,0.001,0.278,0.439,3.6,7.633,13.032,18.431,17.419,11.559
1981-09-03,1.118,1.414,0.237,0.409,3.043,7.691,12.858,18.025,17.251,11.811
1981-09-04,1.028,0.918,0.212,0.361,3.682,7.411,13.309,19.208,17.253,11.799
1981-09-05,0.847,0.593,0.219,0.325,3.6,9.098,14.242,19.385,16.961,12.051
1981-09-06,0.429,0.214,0.22,0.299,2.943,9.76,14.037,18.314,15.639,12.218
1981-09-07,0.079,0.003,0.212,0.283,3.526,8.503,13.563,18.622,17.411,12.103
1981-09-08,0.754,0.611,0.212,0.265,4.009,8.701,13.883,19.066,19.042,11.6
1981-09-09,0.31,0.112,0.239,0.249,3.646,9.531,14.116,18.702,18.092,12
1981-09-10,5.7,42.218,0.212,0.239,3.953,8.572,14.329,20.085,19.065,11.669
1981-09-11,0.017,0,0.234,0.259,3.473,8.479,13.754,19.028,17.708,11.67
1981-09-12,0.583,0.349,0.212,0.275,3.239,10.077,14.476,18.875,16.538,12.282
1981-09-13,0.197,0.034,0.212,0.264,3.216,9.261,13.808,18.354,16.13,12.672
1981-09-14,0.047,0.001,0.212,0.246,3.901,7.704,13.939,20.173,18.314,11.926
1981-09-15,0.11,0.008,NA,0.228,3.624,10.641,15.095,19.549,18.264,12.2
1981-09-16,0.576,0.374,NA,0.212,3.785,11.067,15.477,19.887,16.408,12.414
1981-09-17,0.962,0.687,NA,0.2,3.434,10.598,15.086,19.573,16.795,12.386
1981-09-18,0.689,0.431,NA,0.198,4.372,9.764,15.135,20.505,18.894,12.092
1981-09-19,0.013,0,NA,0.204,4.25,8.778,14.661,20.545,19.079,11.829
1981-09-20,1.329,2.467,NA,0.206,4.326,9.902,15.359,20.816,19.117,12.003
1981-09-21,0.089,0.005,0.186,0.208,4.213,10.518,15.366,20.215,18.267,12.312
1981-09-22,0.089,0.005,0.179,0.21,4.427,9.709,15.143,20.578,18.726,12.168
1981-09-23,0.05,0.001,0.174,0.205,4.347,11.423,15.678,19.934,18.273,12.37
1981-09-24,0.031,0,0.166,0.194,4.387,10.456,15.44,20.424,19.09,12.141
1981-09-25,0.006,0,0.153,0.182,4.387,10.098,15.413,20.728,19.033,12.265
1981-09-26,0.021,0,0.146,0.166,4.764,9.233,15.097,20.96,18.973,12.015
1981-09-27,1.178,1.505,0.146,0.152,4.252,9.245,14.968,20.69,17.353,12.04
1981-09-28,0.341,0.098,0.146,0.152,4.049,9.929,15.041,20.154,18.197,12.086
1981-09-29,1.819,2.926,NA,0.167,4.222,9.154,15.111,21.067,19.123,11.68
1981-09-30,0.047,0.001,NA,0.187,4.16,9.885,15.474,21.064,19.676,11.874
1981-10-01,0.26,0.065,NA,0.172,3.828,10.62,15.188,19.757,19.53,12.126
1981-10-02,1.586,4.493,NA,0.173,4.005,10.282,15.044,19.805,19.248,12.028
1981-10-03,0.836,1.046,0.155,0.175,4.251,8.773,15.008,21.243,20.751,11.707
1981-10-04,0.723,0.776,0.155,0.186,4.032,8.563,14.611,20.66,19.678,12.221
1981-10-05,0.228,0.074,0.166,0.194,3.687,9.951,15.136,20.321,17.994,12.33
1981-10-06,0.016,0,0.173,0.196,4.214,9.349,15.123,20.897,19.785,12.208
1981-10-07,1.544,4.06,0.17,0.189,4.3,8.754,14.796,20.838,21.07,12.588
1981-10-08,5.314,15.635,0.168,0.186,3.459,10.529,15.216,19.902,16.651,12.363
1981-10-09,9.436,44.276,0.148,0.217,2.59,10.776,13.94,17.105,10.318,12.696
1981-10-10,11.953,44.929,0.158,0.319,3.507,9.481,14.427,19.373,16.614,12.371
1981-10-11,3.115,10.491,0.264,0.534,3.98,9.224,14.905,20.585,19.519,12.477
1981-10-12,7.481,15.471,0.195,0.732,3.902,8.823,14.98,21.136,19.707,12.473
1981-10-13,13.578,161.557,0.225,0.895,3.194,9.804,14.5,19.195,18.16,12.197
1981-10-14,12.543,79.892,0.286,1.155,2.733,10.657,15.024,19.39,14.848,12.491
1981-10-15,7.726,31.872,0.343,1.593,2.953,10.637,15.289,19.941,16.549,13.018
1981-10-16,7.264,23.446,0.42,1.85,2.616,9.565,14.229,18.893,16.216,13.197
1981-10-17,6.43,18.76,0.789,1.968,3.316,10.6,14.706,18.811,15.374,13.52
1981-10-18,2.43,4.082,0.583,1.96,2.789,10.418,14.117,17.816,14.947,13.052
1981-10-19,6.82,33.835,0.704,1.84,3.377,10.314,14.672,19.031,17.047,12.784
1981-10-20,13.321,136.546,0.511,1.745,2.621,10.66,14.107,17.555,17.412,13.323
1981-10-21,3.091,8.518,0.766,1.903,3.048,10.145,14.312,18.479,17.812,12.66
1981-10-22,4.222,23.332,0.675,2.007,3.313,10.477,14.593,18.71,16.748,12.992
1981-10-23,8.176,56.615,0.557,1.949,3.597,11.387,15.101,18.816,17.882,13.427
1981-10-24,12.003,34.385,0.973,1.855,2.989,10.862,14.563,18.264,14.245,13.453
1981-10-25,4.155,11.039,2.01,2.003,2.899,10.399,14.056,17.713,17.109,12.502
1981-10-26,2.172,5.616,1.765,2.12,3.038,11.007,15.085,19.163,18.145,12.469
1981-10-27,5.621,52.578,1.192,2.028,3.448,10.68,15.41,20.141,18.73,13.079
1981-10-28,11.04,69.066,1.69,1.902,3.194,10.122,14.742,19.362,17.177,13.334
1981-10-29,2.048,4.053,3.053,1.923,3.038,10.366,14.674,18.983,17.389,13.263
1981-10-30,5.786,32.136,1.769,1.974,2.832,10.848,14.91,18.973,17.156,13.84
1981-10-31,8.18,13.671,1.99,1.954,2.562,10.661,14.557,18.452,13.396,13.665
1981-11-01,0.693,0.539,2.633,2.199,3.049,9.802,14.461,19.12,17.428,13.428
1981-11-02,3.26,7.006,1.722,2.009,3.618,9.286,14.587,19.888,21.71,12.057
1981-11-03,1.826,3.025,1.281,1.777,3.233,9.335,13.955,18.576,22.27,10.566
1981-11-04,2.954,15.787,1.311,1.501,2.836,10.453,14.325,18.197,16.337,13.099
1981-11-05,0.291,0.143,0.974,1.273,3.689,10.34,15.042,19.743,19.407,12.844
1981-11-06,3.475,9.021,0.843,1.088,3.698,10.395,15.281,20.167,17.098,13.35
1981-11-07,8.119,15.249,0.876,0.968,2.79,10.609,14.596,18.583,17.285,13.407
1981-11-08,8.558,23.52,1.151,1.004,3.27,10.125,14.837,19.55,19.221,13.423
1981-11-09,17.297,112.101,1.185,1.266,2.65,10.699,14.496,18.293,16.207,13.364
1981-11-10,1.211,1.253,1.661,1.671,3.374,10.578,14.697,18.815,22.544,12.114
1981-11-11,0.234,0.04,1.387,1.927,2.854,9.948,13.087,16.226,19.343,11.671
1981-11-12,0.29,0.093,1.102,1.792,3.395,10.368,14.079,17.791,18.629,12.211
1981-11-13,0.51,0.25,0.888,1.459,3.352,10.536,14.991,19.446,19.859,12.655
1981-11-14,0.108,0.009,0.846,1.13,3.099,11.011,14.937,18.862,20.63,12.365
1981-11-15,0.132,0.012,0.786,0.854,3.121,10.865,14.678,18.491,15.332,12.142
1981-11-16,0.139,0.012,0.672,0.641,3.986,9.913,14.528,19.143,20.084,12.022
1981-11-17,0.111,0.007,0.738,0.492,4.203,8.357,14.238,20.118,21.868,11.41
1981-11-18,0.406,0.166,0.692,0.375,4.217,6.981,13.49,20,22.692,11.716
1981-11-19,0.677,0.487,0.608,0.297,4.457,8.78,14.494,20.209,23.475,10.822
1981-11-20,0.11,0.008,0.554,0.257,4.092,9.863,14.827,19.791,20.895,10.406
1981-11-21,0.108,0.007,0.545,0.235,3.99,7.945,13.445,18.945,24.945,9.953
1981-11-22,0.067,0.003,0.531,0.22,4.091,8.854,14.583,20.312,25.267,9.311
1981-11-23,0.218,0.033,0.503,0.201,4.067,9.067,14.655,20.243,20.842,11.096
1981-11-24,4.031,16.44,0.491,0.19,3.395,10.501,14.835,19.168,17.245,12.28
1981-11-25,2.319,10.324,0.534,0.225,2.921,10.625,14.944,19.263,16.192,13.091
1981-11-26,9.103,40.205,0.544,0.298,2.991,11.334,14.977,18.62,14.049,13.389
1981-11-27,10.705,24.644,0.736,0.488,2.271,11.321,14.583,17.846,10.888,13.588
1981-11-28,0.376,0.129,1.652,0.813,2.602,10.788,14.842,18.897,17.218,12.791
1981-11-29,0.088,0.007,1.089,1.047,3.671,9.988,14.67,19.352,22.912,10.924
1981-11-30,0.031,0.001,0.815,1.014,3.956,8.947,14.213,19.479,24.313,10.745
1981-12-01,0.225,0.029,0.646,1.117,3.634,7.875,13.712,19.549,21.161,11.568
1981-12-02,0.837,0.276,0.591,0.883,3.314,10.189,15.111,20.032,17.087,12.898
1981-12-03,0.956,0.667,0.59,0.707,2.508,10.804,14.781,18.758,14.939,12.974
1981-12-04,1.544,1.723,0.624,0.601,3.058,10.979,15.256,19.533,15.246,13.109
1981-12-05,1.858,2.192,0.619,0.527,3.093,10.323,15.455,20.587,15.492,13.783
1981-12-06,1.113,1.242,0.655,0.505,2.318,10.629,14.623,18.616,12.977,12.938
1981-12-07,0.28,0.104,0.715,0.509,2.795,10.923,15.126,19.328,14.74,13.435
1981-12-08,0.186,0.024,0.991,0.496,2.904,11.681,15.153,18.626,15.42,13.703
1981-12-09,2.645,5.418,0.858,0.466,2.978,12.216,16.109,20.001,17.103,13.474
1981-12-10,5.793,7.797,1.098,0.471,2.759,11.937,15.912,19.886,16.117,13.623
1981-12-11,4.901,13.404,0.869,0.568,2.834,11.582,15.443,19.305,16.192,13.468
1981-12-12,1.947,2.767,0.84,0.702,2.694,11.271,15.08,18.888,16.666,13.168
1981-12-13,4.263,6.395,0.699,0.821,3.198,10.704,14.976,19.248,18.014,13.402
1981-12-14,3.617,3.787,1.391,0.9,3.047,10.526,15.243,19.961,18.768,13.868
1981-12-15,2.824,5.001,1.297,0.956,2.899,10.301,14.874,19.448,17.185,13.377
1981-12-16,3.074,10.269,1.43,0.98,2.829,10.759,15.167,19.576,14.892,13.36
1981-12-17,1.565,3.259,1.297,0.985,2.367,11.297,14.997,18.696,16.058,13.374
1981-12-18,0.823,0.185,1.345,0.986,2.897,10.654,15.216,19.777,17.113,13.468
1981-12-19,0.847,0.31,1.274,0.951,3.128,10.145,14.974,19.803,17.171,13.843
1981-12-20,1.76,1.978,1.192,0.858,3.143,9.715,14.999,20.284,17.677,13.731
1981-12-21,1.703,1.396,1.598,0.772,3.025,10.173,15.032,19.891,20.169,12.078
1981-12-22,3.038,7.068,1.445,0.711,3.271,10.961,15.429,19.896,17.976,13.13
1981-12-23,2.035,10.339,1.266,0.688,3.088,9.806,14.465,19.124,16.884,13.642
1981-12-24,2.339,2.642,1.244,0.687,3.181,11.058,15.316,19.573,15.737,13.592
1981-12-25,2.257,13.463,1.272,0.693,2.979,11.179,14.783,18.387,14.925,13.893
1981-12-26,0.386,0.133,1.491,0.708,3.484,10.154,14.973,19.793,16.381,13.662
1981-12-27,0.481,0.214,1.318,0.712,3.22,10.274,14.936,19.598,16.789,13.401
1981-12-28,3.427,10.555,1.146,0.684,3.275,11.666,15.935,20.205,16.062,13.984
1981-12-29,1.929,1.756,1.183,0.666,2.619,10.909,14.58,18.252,15.664,13.738
1981-12-30,0.73,0.835,1.835,0.684,3.588,8.313,14.751,21.189,22.033,13.254
1981-12-31,0.069,0.002,1.535,0.684,4.288,8.874,15.126,21.377,23.826,12.104
